Trade_ID,Entry_Date,Exit_Date,Entry_Price,Exit_Price,Predicted_Return,Actual_Return,Uncertainty,Holding_Days
1,2017-03-31,2017-04-19,63.3600006103516,61.9599990844727,0.0530756561928411,-0.0220959834657921,0.0664847473487569,19
2,2017-04-19,2017-05-08,61.9599990844727,60.5999984741211,0.0279510119715717,-0.0219496551072801,0.045115071704238,19
3,2017-04-20,2017-05-09,61.9300003051758,59.8800010681152,0.0362499585137352,-0.0331018767472736,0.139320524073814,19
4,2017-04-21,2017-05-10,61.8600006103516,61.3300018310547,0.0341973192252723,-0.00856771377412802,0.127465865952369,19
5,2017-04-26,2017-05-15,62.4300003051758,61.310001373291,0.0244433185648384,-0.0179400757073505,0.219219684160547,19
6,2017-04-27,2017-05-16,61.5200004577637,60.5299987792969,0.0446036317836964,-0.0160923548618385,0.0693511182322628,19
7,2017-04-28,2017-05-17,61.5400009155274,60.2700004577637,0.0483692406237502,-0.0206369912068564,0.0668600786505694,19
8,2017-05-03,2017-05-22,60.1699981689453,60.5900001525879,0.0568389483560372,0.00698025588206419,0.097144944343601,19
9,2017-05-04,2017-05-23,58.0200004577637,61.560001373291,0.0570159263130334,0.0610134589382558,0.0421468745592328,19
10,2017-05-05,2017-05-24,60.4000015258789,61.1599998474121,0.0616930723572414,0.0125827533498915,0.0566054832213107,19
11,2017-05-11,2017-05-30,61.0699996948242,60.1199989318848,0.053710621372507,-0.0155559320073153,0.0178389703951429,19
12,2017-05-12,2017-05-31,60.8699989318848,58.9300003051758,0.0483794886740267,-0.031871178918204,0.0496559414833797,19
13,2017-05-17,2017-06-05,60.2700004577637,60.060001373291,0.0585853815968101,-0.00348430534059507,0.0330072539536741,19
14,2017-05-18,2017-06-06,60.2900009155274,61.6500015258789,0.0549460952806693,0.0225576478636493,0.0627163404692432,19
15,2017-05-19,2017-06-07,60.6399993896484,60.1300010681152,0.0498214216458513,-0.00841026264291589,0.0596786853901667,19
16,2017-05-24,2017-06-12,61.1599998474121,60.8499984741211,0.0281312033472232,-0.00506869480157679,0.0592736822962611,19
17,2017-05-25,2017-06-13,60.7099990844727,61,0.0392902647216466,0.00477682292704085,0.0526561121729543,19
18,2017-05-31,2017-06-19,58.9300003051758,62.0299987792969,0.0429668091662174,0.0526047591730425,0.0371461793586098,19
19,2017-06-08,2017-06-27,58.6100006103516,59.6300010681152,0.0196715170381497,0.0174031811489783,0.12484818017548,19
20,2017-06-21,2017-07-10,59.8800010681152,58.7700004577637,0.026749496340357,-0.0185370840105514,0.0482872026655856,19
21,2017-06-22,2017-07-11,60.2099990844727,58.939998626709,0.0431928837389209,-0.021092849644158,0.0741312002957243,19
22,2017-06-23,2017-07-12,60.1199989318848,59.1599998474121,0.0207862814594027,-0.0159680489276176,0.376675157666795,19
23,2017-06-29,2017-07-18,59.7999992370606,60.2400016784668,0.0239816889941437,0.0073579004518376,0.143361145010842,19
24,2017-06-30,2017-07-19,59.8699989318848,60.8899993896484,0.0520402231852608,0.0170369212620856,0.0622630947227289,19
25,2017-07-05,2017-07-24,59.75,59.4099998474121,0.0228317805468156,-0.0056903791228099,0.0661577060937257,19
26,2017-07-06,2017-07-25,58.8699989318848,61.0099983215332,0.0453756784266781,0.0363512727785933,0.0752893874964669,19
27,2017-07-12,2017-07-31,59.1599998474121,61.9300003051758,0.0426057350817597,0.0468221850052091,0.0481688082296321,19
28,2017-07-13,2017-08-01,59.5,61.5299987792969,0.0416716801124953,0.0341176265428047,0.0512007199733646,19
29,2017-08-17,2017-09-05,58.9199981689453,60.7200012207031,0.0245025586727604,0.0305499509113449,0.132664457367148,19
30,2017-08-18,2017-09-06,59.1500015258789,61.6199989318848,0.0305640376306104,0.0417581968265073,0.10909296656685,19
31,2017-08-23,2017-09-11,59.5999984741211,60.4099998474121,0.0505606541629488,0.0135906274165885,0.165248985426489,19
32,2017-08-24,2017-09-12,59.1300010681152,60.7799987792969,0.0376267127268029,0.0279045777334066,0.0467903730437442,19
33,2017-08-25,2017-09-13,59.2200012207031,61.5499992370606,0.0475848987385703,0.0393447816333861,0.0504140803826474,19
34,2017-08-30,2017-09-18,59.1699981689453,61.7999992370606,0.0553050561610802,0.044448219528517,0.0345176807297673,19
35,2017-08-31,2017-09-19,59.7000007629395,61.8600006103516,0.0350174411000846,0.0361809015043262,0.142395282874889,19
36,2017-09-01,2017-09-20,59.75,62.4900016784668,0.0335173266108876,0.0458577686772685,0.0187944061443663,19
37,2017-09-08,2017-09-27,60.2400016784668,65.1900024414063,0.0220203047010826,0.0821713251164942,0.0497708019292251,19
38,2018-02-02,2018-02-21,73.5800018310547,67.2099990844727,0.0188760969060618,-0.0865724733360029,0.0586433541426131,19
39,2018-02-07,2018-02-26,69.870002746582,67.2699966430664,0.0535255976875521,-0.0372120509705121,0.0337349159256309,19
40,2018-02-08,2018-02-27,68.4700012207031,66.75,0.0548998122753898,-0.0251205081063012,0.0483493439461109,19
41,2018-02-09,2018-02-28,68.1800003051758,65.5999984741211,0.0694532330903408,-0.0378410357803831,0.0428734070926026,19
42,2018-02-14,2018-03-05,69.8499984741211,65.9199981689453,0.0437451786873013,-0.0562634272158477,0.0637838544856578,19
43,2018-02-15,2018-03-06,69.4300003051758,65.6600036621094,0.0600628797378191,-0.0542992456646347,0.124330174326541,19
44,2018-02-16,2018-03-07,68.1600036621094,65.1900024414063,0.0650322245481732,-0.0435739592302012,0.105068612303931,19
45,2018-02-21,2018-03-12,67.2099990844727,63.8899993896484,0.0878761705401736,-0.0493974072317943,0.103638020084485,19
46,2018-02-22,2018-03-13,67.9199981689453,64.1999969482422,0.0742998071940694,-0.0547703374704153,0.0712893917162716,19
47,2018-02-23,2018-03-14,68.3199996948242,64.0400009155274,0.057190900755186,-0.0626463524358171,0.0735906517340295,19
48,2018-02-28,2018-03-19,65.5999984741211,63.6500015258789,0.072126329057536,-0.0297255639268262,0.0896815459887435,19
49,2018-03-01,2018-03-20,65.629997253418,63.9099998474121,0.0758436914835518,-0.0262074886178101,0.0587345033085873,19
50,2018-03-02,2018-03-21,65.6399993896484,66.0400009155273,0.0790284114699438,0.00609386851916982,0.105552029236983,19
51,2018-03-07,2018-03-26,65.1900024414063,67.1999969482422,0.0591819154579507,0.0308328644203157,0.0925473850307061,19
52,2018-03-08,2018-03-27,62.9599990844727,65.8199996948242,0.0658172862325248,0.0454256774450448,0.0876657535304877,19
53,2018-03-09,2018-03-28,63.6699981689453,63.1500015258789,0.0714141282281725,-0.00816705918047333,0.0889681125848924,19
54,2018-03-14,2018-04-02,64.0400009155274,64.6699981689453,0.0748982325258375,0.00983755846988466,0.0699005208288905,19
55,2018-03-15,2018-04-03,63.9099998474121,66.629997253418,0.0592224743082705,0.0425598093021431,0.0368078488040248,19
56,2018-03-16,2018-04-04,64.4499969482422,66.620002746582,0.0537142669992218,0.0336696028097954,0.0358082622112885,19
57,2018-03-21,2018-04-09,66.0400009155273,68.9300003051758,0.0500518939256465,0.0437613469046598,0.0698126776012483,19
58,2018-03-22,2018-04-10,65.1800003051758,70.5100021362305,0.0497798133845927,0.0817735778781739,0.031192960669987,19
59,2018-03-23,2018-04-11,65.4899978637695,71.6800003051758,0.0475982074939206,0.0945182874227988,0.095787930682394,19
60,2018-03-28,2018-04-16,63.1500015258789,74.9100036621094,0.0590416109749959,0.186223307237945,0.0935615960110047,19
61,2018-03-29,2018-04-17,64.9599990844727,75.2200012207031,0.0656435239903175,0.157943384865024,0.0393035732214087,19
62,2018-06-20,2018-07-09,83.2399978637695,85.25,0.033523498590135,0.0241470709732601,0.0451003803593946,19
63,2018-06-21,2018-07-10,82.0899963378906,85.6999969482422,0.0331193643315757,0.043976133163564,0.0507568644155387,19
64,2018-06-29,2018-07-18,83.6800003051758,82.9599990844727,0.0218630877892309,-0.00860422105732939,0.0441540829304146,19
65,2018-07-05,2018-07-24,84.1900024414063,83.4599990844727,0.0312328664626103,-0.00867090314484376,0.0849276931407155,19
66,2018-07-06,2018-07-25,84.25,84.3300018310547,0.0321202533572972,0.000949576629729165,0.0245998686725858,19
67,2018-07-11,2018-07-30,83.9300003051758,83.3099975585938,0.0239321953626898,-0.00738714100235505,0.0241091494356182,19
68,2018-08-01,2018-08-20,82.6399993896484,79.0100021362305,0.0182528540685353,-0.0439254269146651,0.0414630483814819,19
69,2018-08-02,2018-08-21,82.2399978637695,78.8899993896484,0.0302444566611805,-0.0407344183017899,0.0462325730764166,19
70,2018-08-03,2018-08-22,82.2900009155273,79.3300018310547,0.0276463991044154,-0.0359703372407441,0.0723460308408506,19
71,2018-08-08,2018-08-27,81.1999969482422,80.2099990844727,0.0546731274377035,-0.0121920923765622,0.0279006924428391,19
72,2018-08-09,2018-08-28,77.7900009155274,80.1100006103516,0.0423384726321015,0.0298238805440241,0.134483858510622,19
73,2018-08-10,2018-08-29,78.7799987792969,80.2300033569336,0.0413597423019253,0.0184057451143014,0.125075554137615,19
74,2018-08-16,2018-09-04,78.0199966430664,79.2699966430664,0.0321988514244969,0.0160215336296234,0.166232599314732,19
75,2018-08-17,2018-09-05,78.5500030517578,79.1399993896484,0.0349507277908567,0.00751109248846071,0.123715153681083,19
76,2018-08-22,2018-09-10,79.3300018310547,76.879997253418,0.0537691747517444,-0.0308837075644391,0.0768402046104817,19
77,2018-08-23,2018-09-11,78.9800033569336,77.120002746582,0.0424326204693419,-0.0235502726170532,0.0491218631820359,19
78,2018-08-24,2018-09-12,79.3399963378906,75.7399978637695,0.0418833042684026,-0.0453743211530984,0.0858888935750825,19
79,2018-08-29,2018-09-17,80.2300033569336,77.5999984741211,0.0327786079958705,-0.0327808148170196,0.0508598569278004,19
80,2018-08-30,2018-09-18,80.129997253418,78.879997253418,0.024965307062666,-0.0155996511025299,0.199464069142866,19
81,2018-08-31,2018-09-19,79.870002746582,79.379997253418,0.0273500526286233,-0.00613503789049297,0.140734072578953,19
82,2018-09-05,2018-09-24,79.1399993896484,80.75,0.0389847107722459,0.0203437025874194,0.117503580678429,19
83,2018-09-06,2018-09-25,77.5699996948242,81.3099975585938,0.0499055195680904,0.0482144885713991,0.0775388263048582,19
84,2018-09-07,2018-09-26,76.6500015258789,81.0100021362305,0.04828438893682,0.0568819376850178,0.105926760291499,19
85,2018-09-12,2018-10-01,75.7399978637695,83.129997253418,0.0406952567311264,0.0975706310810904,0.107617854610644,19
86,2018-10-17,2018-11-05,72.9199981689453,69.9499969482422,0.0650889943954973,-0.0407295844114265,0.120226226457629,19
87,2018-10-18,2018-11-06,71.9000015258789,73.3399963378906,0.0756631746780711,0.0200277438310403,0.0834486083025466,19
88,2018-10-19,2018-11-07,72.1800003051758,73.7200012207031,0.0639654735096143,0.0213355626075955,0.133451432196924,19
89,2018-10-24,2018-11-12,68.2300033569336,72.1600036621094,0.111007725477282,0.0575992981359925,0.090852687810427,19
90,2018-10-25,2018-11-13,68.6500015258789,70.7799987792969,0.0995572031674951,0.0310269075903082,0.102300451853295,19
91,2018-10-26,2018-11-14,67.9100036621094,70.9499969482422,0.112101742066431,0.0447650290413544,0.0859189552722107,19
92,2018-10-31,2018-11-19,67.0699996948242,73.3600006103516,0.0993929717497606,0.0937826292552188,0.0594182913908852,19
93,2018-11-01,2018-11-20,68.3499984741211,70.3000030517578,0.100482859452281,0.0285296945306448,0.0297815824350062,19
94,2018-11-02,2018-11-21,68.3099975585938,72.0800018310547,0.0798497955285413,0.0551896414463662,0.0829145438358296,19
95,2018-11-07,2018-11-26,73.7200012207031,70.6399993896484,0.0468510711090092,-0.0417797311456055,0.0754002934653326,19
96,2018-11-08,2018-11-27,72.629997253418,69.379997253418,0.0608541718090836,-0.0447473512722328,0.0563742288539861,19
97,2018-11-09,2018-11-28,73.5500030517578,70.7099990844727,0.0580341679987133,-0.0386132406450972,0.0971157780385221,19
98,2018-11-14,2018-12-03,70.9499969482422,71.3199996948242,0.0468927171208152,0.00521497903448753,0.0531128320757128,19
99,2018-12-07,2018-12-26,66.5400009155274,60.5999984741211,0.0680706470240839,-0.0892696477258408,0.175839920333832,19
100,2018-12-12,2018-12-31,65.4100036621094,61.3800010681152,0.0670821850590464,-0.0616114106156003,0.0200521805342136,19
101,2018-12-14,2019-01-02,65.0999984741211,62,0.0709939996976331,-0.0476190252961899,0.0943092743988034,19
102,2018-12-19,2019-01-07,62.2400016784668,64.4800033569336,0.0940963850162851,0.0359897432207457,0.0476800274961576,19
103,2018-12-20,2019-01-08,60.6300010681152,64.9899978637695,0.101712754718226,0.071911540802317,0.0623485527851179,19
104,2018-12-21,2019-01-09,59.9799995422363,65.7799987792969,0.0979703043642786,0.0966988876513135,0.0963991333699084,19
105,2018-12-26,2019-01-14,60.5999984741211,65.5800018310547,0.10552233703003,0.0821782752859355,0.0323534259919815,19
106,2018-12-27,2019-01-15,60.7599983215332,65.5199966430664,0.102436484897335,0.0783409883644823,0.0353769281934994,19
107,2018-12-28,2019-01-16,60.4700012207031,65.1399993896484,0.0948179490912544,0.0772283458685701,0.0484650276489668,19
108,2019-01-03,2019-01-22,61.2400016784668,65.120002746582,0.0847483656090181,0.0633572985266511,0.0673264075080314,19
109,2019-01-04,2019-01-23,63.2099990844727,64.5699996948242,0.0738832670995482,0.0215155929449402,0.139595938807208,19
110,2019-02-07,2019-02-26,64.9199981689453,66.0400009155273,0.0207202523608267,0.0172520452583407,0.145354296587848,19
111,2019-02-08,2019-02-27,64.9599990844727,66.6500015258789,0.0379446086000253,0.0260160478021037,0.0668607777436587,19
112,2019-03-06,2019-03-25,66.1900024414063,65.129997253418,0.0276981630270407,-0.0160145814910134,0.133508644395944,19
113,2019-03-07,2019-03-26,65.7399978637695,67.0800018310547,0.0357683992715106,0.0203833892733309,0.111513508838499,19
114,2019-03-08,2019-03-27,62.7099990844727,66.3499984741211,0.047551734642236,0.0580449600189792,0.0600782089952964,19
115,2019-03-13,2019-04-01,65.0599975585938,67.1800003051758,0.0166219410816437,0.0325853493104229,0.397918680348003,19
116,2019-03-15,2019-04-03,65.4700012207031,66.0599975585938,0.0209821145828082,0.00901170500824811,0.121077801007739,19
117,2019-03-20,2019-04-08,67.2600021362305,68.370002746582,0.0338648455741926,0.0165031307626684,0.0614944754413297,19
118,2019-03-29,2019-04-17,66.1999969482422,62.6500015258789,0.0194696020199797,-0.0536253109669901,0.0618696768030774,19
119,2019-04-17,2019-05-06,62.6500015258789,58.7700004577637,0.0446126940311953,-0.0619313802652106,0.073753556525896,19
120,2019-04-18,2019-05-07,61.8199996948242,59.689998626709,0.0564645677489299,-0.0344548864223557,0.0518352903520494,19
121,2019-04-24,2019-05-13,62,54.1699981689453,0.0659840389048575,-0.126290352113785,0.0953484469391817,19
122,2019-04-25,2019-05-14,61.8400001525879,54.5499992370606,0.0780861224768733,-0.117884878679488,0.0996943204340232,19
123,2019-04-26,2019-05-15,61.310001373291,54.25,0.0690999848637628,-0.115152523489693,0.105055640293474,19
124,2019-05-01,2019-05-20,57.4799995422363,53.4599990844727,0.0842001522105196,-0.0699373780406831,0.0791829081306087,19
125,2019-05-02,2019-05-21,57.3499984741211,53.5099983215332,0.0823520942881365,-0.0669572843026434,0.0563360697186647,19
126,2019-05-03,2019-05-22,57.9500007629395,52.7799987792969,0.0811708590686933,-0.0892148734353241,0.0441230152759553,19
127,2019-05-09,2019-05-28,56.3300018310547,52.2799987792969,0.0907697269553103,-0.0718977972680457,0.0802031729257098,19
128,2019-05-10,2019-05-29,54.9700012207031,52,0.0867695236636197,-0.0540294916272359,0.056910369129785,19
129,2019-05-15,2019-06-03,54.25,49.3199996948242,0.0793562561116882,-0.0908755816622264,0.0757579382948798,19
130,2019-05-16,2019-06-04,53.75,49.689998626709,0.08253091431255,-0.0755349092705305,0.105694476456302,19
131,2019-05-17,2019-06-05,52.7599983215332,47.4300003051758,0.0813211206318941,-0.101023468269939,0.0759512632992844,19
132,2019-05-22,2019-06-10,52.7799987792969,47.9000015258789,0.0848455487332093,-0.0924592149731569,0.0964427688769106,19
133,2019-05-23,2019-06-11,52.9099998474121,49.0499992370606,0.0859787110908691,-0.0729540847001223,0.0865763815048738,19
134,2019-05-24,2019-06-12,53.4700012207031,48.7900009155274,0.0546470995729279,-0.0875257190636406,0.0396395976323822,19
135,2019-05-29,2019-06-17,52,49.810001373291,0.095078403365276,-0.042115358205942,0.10852944628602,19
136,2019-05-30,2019-06-18,51.9099998474121,50.3499984741211,0.0916454900697305,-0.0300520396431631,0.150287899223283,19
137,2019-05-31,2019-06-19,49.7700004577637,50.2999992370606,0.0905115622604507,0.0106489607076987,0.141794672063637,19
138,2019-06-05,2019-06-24,47.4300003051758,49.8899993896484,0.083519308314674,0.0518658880169607,0.112482829503297,19
139,2019-06-06,2019-06-25,49.0400009155274,49.3800010681152,0.0818439526913469,0.00693311880588143,0.0932544145319121,19
140,2019-06-07,2019-06-26,47.8400001525879,50.4199981689453,0.104565551523066,0.0539297242501755,0.172933595295822,19
141,2019-06-12,2019-07-01,48.7900009155274,49.7799987792969,0.0764015860388873,0.0202909990816267,0.147607317268729,19
142,2019-06-13,2019-07-02,49.7299995422363,48.7799987792969,0.0580590249246632,-0.0191031725655377,0.0708983660884359,19
143,2019-06-14,2019-07-03,49.310001373291,49.1699981689453,0.0626192187418397,-0.00283924559818682,0.0926450325506456,19
144,2019-06-19,2019-07-08,50.2999992370606,49.2999992370606,0.0572070357334536,-0.0198807160073118,0.0390457902081388,19
145,2019-06-20,2019-07-09,51.2999992370606,49.6100006103516,0.0417550147850572,-0.0329434435057083,0.0949412416725602,19
146,2019-06-21,2019-07-10,50.6100006103516,50.2400016784668,0.0496529889564,-0.0073107869476905,0.0421322389337034,19
147,2019-06-26,2019-07-15,50.4199981689453,51.6300010681152,0.0500301688771272,0.0239984716999691,0.0768216028137957,19
148,2019-06-27,2019-07-16,49.75,51.0999984741211,0.0600033146672113,0.0271356477210269,0.123753666045077,19
149,2019-08-07,2019-08-26,46,42.1300010681152,0.0500690420576154,-0.0841304115627123,0.149893816940442,19
150,2019-08-08,2019-08-27,47.1300010681152,42.3499984741211,0.0636704447920857,-0.101421652570849,0.0156833644731652,19
151,2019-08-09,2019-08-28,47.1300010681152,43.1100006103516,0.0714945845076352,-0.0852959975951139,0.146117821956979,19
152,2019-08-15,2019-09-03,43.9599990844727,42.6800003051758,0.101993778082191,-0.0291173522737627,0.0358109463954315,19
153,2019-08-16,2019-09-04,44.5699996948242,43.5800018310547,0.0843125712841467,-0.0222122026149463,0.016795880138186,19
154,2019-08-21,2019-09-09,45.060001373291,44.9700012207031,0.0698522546478206,-0.00199734020960851,0.0957951451979911,19
155,2019-08-22,2019-09-10,44.7000007629395,46.4300003051758,0.0703515169035778,0.0387024499487405,0.122704893248945,19
156,2019-08-23,2019-09-11,42.3699989318848,46.2900009155274,0.0976492089752909,0.0925183403932694,0.154181494357378,19
157,2019-08-28,2019-09-16,43.1100006103516,47.7999992370606,0.0939994457290158,0.108791430301739,0.0844955246284788,19
158,2019-08-29,2019-09-17,43.3699989318848,45.1500015258789,0.0733828066072082,0.0410422558872954,0.116956892238751,19
159,2019-08-30,2019-09-18,43.4799995422363,44.6199989318848,0.0753901024396192,0.0262189374804627,0.0620868548645096,19
160,2019-09-04,2019-09-23,43.5800018310547,45.5,0.0672240605830799,0.0440568629709681,0.0726105263684043,19
161,2019-09-05,2019-09-24,45.0900001525879,45.4700012207031,0.0503137900955876,0.00842761292590999,0.0525673390524402,19
162,2019-09-06,2019-09-25,45.4599990844727,45.3300018310547,0.053744528769438,-0.00285959648121437,0.0508707634567629,19
163,2019-09-18,2019-10-07,44.6199989318848,42.1800003051758,0.0215021320248771,-0.0546839687386321,0.234048240653718,19
164,2019-10-02,2019-10-21,42.939998626709,40.8199996948242,0.0239613028654826,-0.0493711923541169,0.103875874528378,19
165,2019-10-03,2019-10-22,43.2000007629395,42.2200012207031,0.0397882960940597,-0.0226851741881693,0.0962863020685127,19
166,2019-10-04,2019-10-23,43.0699996948242,42.9199981689453,0.0622053284840475,-0.00348273802975974,0.0959607193274235,19
167,2019-10-09,2019-10-28,40.8400001525879,42.2799987792969,0.0776719158717152,0.0352595157034479,0.08949726841831,19
168,2019-10-10,2019-10-29,41.0299987792969,42.3300018310547,0.0803615101676275,0.0316842088821552,0.146569513201026,19
169,2019-10-11,2019-10-30,41.1199989318848,41.3600006103516,0.0722398540634221,0.0058366168458408,0.167786708585514,19
170,2019-10-16,2019-11-04,40.3400001525879,44.2299995422363,0.0721372302368398,0.0964303265972815,0.101880799130645,19
171,2019-10-17,2019-11-05,40.3300018310547,41.9099998474121,0.0747708449059461,0.039176740506389,0.0963076688692005,19
172,2019-10-18,2019-11-06,40.4500007629395,39.6100006103516,0.0858297906190287,-0.0207663816253251,0.0835390599214482,19
173,2019-10-23,2019-11-11,42.9199981689453,38.8800010681152,0.0608978901688015,-0.0941285478374789,0.104034415490774,19
174,2019-10-24,2019-11-12,42.2900009155273,38.439998626709,0.0577295501947289,-0.0910381226169418,0.052593467736802,19
175,2019-10-25,2019-11-13,42.5299987792969,38.1199989318848,0.0515477096767666,-0.103691511262372,0.026012382468402,19
176,2019-10-30,2019-11-18,41.3600006103516,39.2999992370606,0.0589076556356828,-0.0498066088706836,0.0468148388385928,19
177,2019-10-31,2019-11-19,40.5,38.1399993896484,0.0663353965830156,-0.0582716200086806,0.0512172832923057,19
178,2019-11-01,2019-11-20,42.2900009155273,38.4799995422363,0.0520004022084635,-0.0900922509058666,0.151310311889005,19
179,2019-11-06,2019-11-25,39.6100006103516,39.9300003051758,0.0332022931392574,0.00807876015888254,0.202022145755476,19
180,2019-11-07,2019-11-26,39.0299987792969,38.5699996948242,0.0526867307519008,-0.0117857827020138,0.053345686852951,19
181,2019-11-08,2019-11-27,40.0999984741211,38.75,0.0737570638332931,-0.033665798640674,0.0605409614761279,19
182,2019-11-13,2019-12-02,38.1199989318848,38.6800003051758,0.0948869534158988,0.014690487643813,0.118525818419896,19
183,2019-11-14,2019-12-03,37.7599983215332,38.0200004577637,0.0767475378998395,0.0068856501003125,0.0686020523301001,19
184,2019-11-15,2019-12-04,38.9500007629395,38.4500007629395,0.0821644347977663,-0.0128369702235217,0.13085844564848,19
185,2019-11-20,2019-12-09,38.4799995422363,37.3400001525879,0.0784129310056871,-0.0296257641166849,0.110007746935011,19
186,2019-11-21,2019-12-10,39.1199989318848,37.5699996948242,0.0638723134454202,-0.0396216584708856,0.0164039426450034,19
187,2019-11-22,2019-12-11,39.5800018310547,37.5400009155273,0.0586375330081638,-0.0515412031620157,0.0311124546872294,19
188,2019-11-27,2019-12-16,38.75,38.3199996948242,0.0517154241573806,-0.0110967820690524,0.249467965700816,19
189,2019-11-29,2019-12-18,38.5699996948242,38.6699981689453,0.0708347283810776,0.00259264907732204,0.0239282883005728,19
190,2019-12-04,2019-12-23,38.4500007629395,39.7099990844727,0.0826272486732266,0.0327697866458216,0.0367366499163846,19
191,2019-12-05,2019-12-24,37.9799995422363,39.8899993896484,0.0778391551752853,0.0502896227075533,0.0321819636230266,19
192,2019-12-11,2019-12-30,37.5400009155273,40.7000007629395,0.0789546750769794,0.0841768718792191,0.0498536460192882,19
193,2020-01-30,2020-02-18,40.5900001525879,41.560001373291,0.0280097949493533,0.0238975416865397,0.108842157228513,19
194,2020-01-31,2020-02-19,39.7200012207031,42.5099983215332,0.04733745044544,0.0702416166940059,0.103202354098428,19
195,2020-02-05,2020-02-24,42.1199989318848,39.4799995422363,0.0443654057977634,-0.0626780497767289,0.0939747983179757,19
196,2020-02-06,2020-02-25,42.1199989318848,36.189998626709,0.0438463284839023,-0.140788234937176,0.0261686638945921,19
197,2020-02-07,2020-02-26,41.8899993896484,34.2200012207031,0.0562288510525573,-0.183098550506083,0.114557941338203,19
198,2020-02-12,2020-03-02,42.4900016784668,32.9500007629395,0.0441085686640376,-0.224523429952276,0.128745718500771,19
199,2020-02-13,2020-03-03,42.0400009155274,32.9900016784668,0.0591402555572283,-0.215271147477972,0.132780951561485,19
200,2020-02-14,2020-03-04,41.5999984741211,32.9300003051758,0.062953697984323,-0.208413425167283,0.138580698982889,19
201,2020-02-19,2020-03-09,42.5099983215332,12.5100002288818,0.0334985617894922,-0.705716285042877,0.144030415990458,19
202,2020-02-26,2020-03-16,34.2200012207031,12.0200004577637,0.0851539714539386,-0.64874342405074,0.243378209882184,19
203,2020-02-27,2020-03-17,31.8099994659424,11.3400001525879,0.0960297477758817,-0.643508319931626,0.25247572787828,19
204,2020-02-28,2020-03-18,32.7400016784668,10.5299997329712,0.091852314296782,-0.678375101003834,0.208267899022454,19
205,2020-03-04,2020-03-23,32.9300003051758,9.6899995803833,0.0644763459795893,-0.705739462782201,0.241459466921851,19
206,2020-03-05,2020-03-24,31.4799995422363,10.7200002670288,0.0703354741529419,-0.65946631439286,0.231190441758903,19
207,2020-03-06,2020-03-25,26.8600006103516,12,0.087073197596673,-0.553239027277783,0.279658978656512,19
208,2020-03-11,2020-03-30,11.8000001907349,11.0100002288818,0.143089157830562,-0.0669491482274145,0.251587641709256,19
209,2020-03-12,2020-03-31,11.8900003433228,11.5799999237061,0.125996137861804,-0.0260723642275411,0.154944302936322,19
210,2020-03-13,2020-04-01,14.2600002288818,10.7399997711182,0.122565734157454,-0.246844347914831,0.150070966557517,19
211,2020-03-18,2020-04-06,10.5299997329712,13.4399995803833,0.123863227415394,0.276353268870503,0.122515802682582,19
212,2020-03-19,2020-04-07,10.8299999237061,13.8400001525879,0.110507261022982,0.27793169437547,0.121278567547455,19
213,2020-03-20,2020-04-08,10.2299995422363,15.5600004196167,0.116743005317319,0.521016726870274,0.0975767112901527,19
214,2020-03-25,2020-04-13,12,15.3299999237061,0.0750224291801634,0.277499993642171,0.21482232416469,19
215,2020-03-26,2020-04-14,12.8299999237061,14.8999996185303,0.0712868182427503,0.161340585123424,0.329144435990571,19
216,2020-03-27,2020-04-15,11.6099996566772,13.6099996566772,0.0674124617446582,0.172265293638466,0.13654471548857,19
217,2020-04-01,2020-04-20,10.7399997711182,12.5900001525879,0.0611222707396254,0.172253298034951,0.242481157161698,19
218,2020-04-02,2020-04-21,12.7700004577637,12.3400001525879,0.0561264513636684,-0.0336726930118751,0.129355377003762,19
219,2020-04-03,2020-04-22,13,13.0200004577637,0.0402699558707583,0.00153849675105167,0.174732229761343,19
220,2020-05-07,2020-05-26,13.8800001144409,14.3999996185303,0.0361088727978616,0.0374639409079214,0.243250330621863,19
221,2020-05-08,2020-05-27,15.0200004577637,14.4200000762939,0.0366865067059291,-0.0399467618630859,0.172178629203957,19
222,2020-05-13,2020-06-01,13.4399995803833,13.8100004196167,0.0288422174417798,0.0275298252072449,0.286992009095481,19
223,2020-05-28,2020-06-16,13.6400003433228,20.2900009155273,0.0472585358056606,0.487536686570539,0.0853899312463084,19
224,2020-05-29,2020-06-17,12.9499998092651,19.0400009155273,0.0623242778249614,0.470270362622329,0.182566262012406,19
225,2020-07-08,2020-07-27,17.2800006866455,16.7000007629395,0.0547225008944103,-0.0335648090659103,0.235287351301471,19
226,2020-07-09,2020-07-28,16.2800006866455,16.3500003814697,0.0582960060272369,0.00429973537296213,0.130660266641597,19
227,2020-07-10,2020-07-29,16.7099990844727,17.0300006866455,0.056611016633806,0.0191503063857259,0.110211601596473,19
228,2020-07-15,2020-08-03,17.1800003051758,15.25,0.0654293684100089,-0.112339945919229,0.0110912675889866,19
229,2020-07-16,2020-08-04,17.0100002288818,15.7399997711182,0.0587663230344058,-0.074661989457666,0.212939674334248,19
230,2020-07-17,2020-08-05,16.2800006866455,15.9399995803833,0.0656018037461467,-0.0208845879558905,0.126813095206654,19
231,2020-07-22,2020-08-10,16.9500007629395,16.4799995422363,0.0713882159623003,-0.0277286843391043,0.13547058361339,19
232,2020-07-23,2020-08-11,16.8199996948242,15.1599998474121,0.0552640529704375,-0.0986920260125164,0.0647740417852855,19
233,2020-07-24,2020-08-12,16.7399997711182,14.9200000762939,0.060390247324612,-0.108721608106847,0.108523429345488,19
234,2020-07-29,2020-08-17,17.0300006866455,13.9099998474121,0.0398060213065972,-0.183206148763107,0.127293681236706,19
235,2020-07-30,2020-08-18,15.7700004577637,13.9499998092651,0.0684025358942914,-0.115409042211063,0.180411455910862,19
236,2020-07-31,2020-08-19,15.7399997711182,13.8199996948242,0.0617299995136194,-0.121982217548504,0.158280777306152,19
237,2020-08-05,2020-08-24,15.9399995803833,13.6199998855591,0.0514043585047179,-0.145545781423943,0.0999361903973666,19
238,2020-08-06,2020-08-25,15.4499998092651,13.5100002288818,0.0629420614752888,-0.125566317432568,0.162384298564687,19
239,2020-08-07,2020-08-26,15.4499998092651,12.960000038147,0.0522596092294987,-0.161165035718961,0.165775907933042,19
240,2020-08-12,2020-08-31,14.9200000762939,12.7399997711182,0.056751128739875,-0.146112620243182,0.128219830679207,19
241,2020-08-13,2020-09-01,14.6000003814697,12.4799995422363,0.0630716079893346,-0.145205533139855,0.222053231660097,19
242,2020-08-14,2020-09-02,14.6400003433228,12.3999996185303,0.0725778266235253,-0.153005510400424,0.105276973676123,19
243,2020-08-20,2020-09-08,13.3999996185303,11.0600004196167,0.0748186731240501,-0.17462681086033,0.182211560207583,19
244,2020-08-21,2020-09-09,13.1599998474121,11.0699996948242,0.0740624996204753,-0.158814603101905,0.0756451911978513,19
245,2020-08-26,2020-09-14,12.960000038147,10.1700000762939,0.080437660319104,-0.215277774200682,0.0971615508734646,19
246,2020-08-27,2020-09-15,13.039999961853,10.710000038147,0.0867197604759159,-0.178680976267039,0.125973787276441,19
247,2020-08-28,2020-09-16,13.1300001144409,11.6400003433228,0.0651403851403312,-0.113480560406043,0.169036433114276,19
248,2020-09-02,2020-09-21,12.3999996185303,11.289999961853,0.0752198540200549,-0.0895161040987846,0.143056462778249,19
249,2020-09-03,2020-09-22,12.5900001525879,11.0799999237061,0.0798801051437763,-0.119936474232008,0.0646801202049998,19
250,2020-09-04,2020-09-23,12.25,10.4099998474121,0.0793524984095453,-0.150204094088807,0.108116035652856,19
251,2020-09-09,2020-09-28,11.0699996948242,10.3400001525879,0.105803733912957,-0.0659439532394603,0.0646318760415876,19
252,2020-09-10,2020-09-29,10.1899995803833,9.98999977111816,0.08704247491814,-0.0196270674682023,0.134808446906237,19
253,2020-09-11,2020-09-30,10.2200002670288,10.0100002288818,0.082759224964139,-0.0205479484011818,0.08951859041643,19
254,2020-09-16,2020-10-05,11.6400003433228,10.5100002288818,0.0511113429685971,-0.0970790447690268,0.330130816393356,19
255,2020-09-17,2020-10-06,11.8599996566772,10.1300001144409,0.0496363950938074,-0.145868431055336,0.414172813450066,19
256,2020-09-18,2020-10-07,11.6499996185303,10.2799997329712,0.0662622451367431,-0.117596560550954,0.185992866039233,19
257,2020-09-23,2020-10-12,10.4099998474121,10.8100004196167,0.0642726676845613,0.0384246472687537,0.119071357617211,19
258,2020-09-24,2020-10-13,10.6400003433228,10.5200004577637,0.0639285717074547,-0.0112781843690812,0.10421081478887,19
259,2020-09-25,2020-10-14,10.2200002670288,10.4499998092651,0.070717527730171,0.022504846988932,0.0505622293322867,19
260,2020-09-30,2020-10-19,10.0100002288818,9.81999969482422,0.0917897518780446,-0.01898107189942,0.0791116137779848,19
261,2020-10-01,2020-10-20,9.68000030517578,10.0699996948242,0.0984317690013255,0.0402891918753256,0.106527112966494,19
262,2020-10-02,2020-10-21,9.86999988555908,9.65999984741211,0.100960371970609,-0.0212765998563208,0.0844061045922564,19
263,2020-10-07,2020-10-26,10.2799997329712,9.46000003814697,0.0737980341356981,-0.0797665093506007,0.0488553468095493,19
264,2020-10-14,2020-11-02,10.4499998092651,9.64999961853027,0.0361777907016406,-0.0765550435728784,0.183175100595693,19
265,2020-10-15,2020-11-03,10.6099996566772,9.6899995803833,0.0526837171621651,-0.086710660326455,0.111028547243063,19
266,2020-10-16,2020-11-04,10.0900001525879,9.8100004196167,0.0757683356087956,-0.027750220885713,0.188194169054553,19
267,2020-10-21,2020-11-09,9.65999984741211,12.2299995422363,0.0911002078521254,0.266045521264963,0.123587887676709,19
268,2020-10-22,2020-11-10,10.1700000762939,12.3800001144409,0.087356333275603,0.217305803497331,0.121070820043042,19
269,2020-10-23,2020-11-11,10.0200004577637,11.8999996185303,0.0564220612399329,0.187624658171542,0.084469702068497,19
270,2020-10-28,2020-11-16,8.88000011444092,12.6999998092651,0.112231256060235,0.430180140269596,0.0738250868149288,19
271,2020-10-29,2020-11-17,9.13000011444092,12.9899997711182,0.106760518685321,0.422781994336658,0.0720277706584706,19
272,2020-10-30,2020-11-18,9.13000011444092,12.8699998855591,0.102749294526508,0.409638524013007,0.0966495309081833,19
273,2020-11-04,2020-11-23,9.8100004196167,15.7600002288818,0.0765179185407459,0.606523909761221,0.0792635845807384,19
274,2020-11-05,2020-11-24,10.4700002670288,16.7800006866455,0.0589100971417572,0.602674332252654,0.157806453318905,19
275,2020-11-06,2020-11-25,10.0100002288818,16.7199993133545,0.0825271747038685,0.670329563541098,0.103044614429179,19
276,2021-03-24,2021-04-12,27.0599994659424,24.2299995422363,0.0317581410871043,-0.104582408705066,0.115458631291639,19
277,2021-03-31,2021-04-19,26.6200008392334,24.5400009155273,0.0644034104171549,-0.0781367339643538,0.28432839822467,19
278,2021-04-01,2021-04-20,27.3799991607666,23.2000007629395,0.0489704144574121,-0.152666125856452,0.0317929613137509,19
279,2021-04-07,2021-04-26,25.2999992370606,24.8999996185303,0.0817839657159083,-0.0158102620787568,0.0940790089140349,19
280,2021-04-08,2021-04-27,24.7299995422363,25.0900001525879,0.0987232486854041,0.0145572429039764,0.0856266739712317,19
281,2021-04-09,2021-04-28,24.5900001525879,26.1000003814697,0.0923746661127678,0.0614070849740487,0.107845232929975,19
282,2021-04-14,2021-05-03,25.5499992370606,26.1399993896484,0.0700671259143047,0.0230919831783043,0.0661050944138559,19
283,2021-04-15,2021-05-04,24.8600006103516,25.8600006103516,0.0714660118672873,0.0402252604766069,0.0616345221472257,19
284,2021-04-16,2021-05-05,24.3799991607666,27.0499992370605,0.084378427775274,0.10951600361786,0.0676391507915443,19
285,2021-04-21,2021-05-10,24.4500007629395,26.6299991607666,0.0716482382564473,0.089161485881486,0.0677165190275287,19
286,2021-04-22,2021-05-11,24.1000003814697,24.5300006866455,0.0793266205342239,0.0178423360319282,0.111589388503823,19
287,2021-04-23,2021-05-12,24.6499996185303,25.1200008392334,0.0694354681793628,0.0190669869361706,0.111389267579848,19
288,2021-04-28,2021-05-17,26.1000003814697,26.3899993896484,0.0532637113677432,0.0111110729478994,0.0863928492760664,19
289,2021-04-29,2021-05-18,25.9400005340576,25.8700008392334,0.0602617137429943,-0.00269852326071907,0.101311682206938,19
290,2021-04-30,2021-05-19,25.3600006103516,25.0699996948242,0.0574037107359401,-0.0114353670562993,0.0661390537404359,19
291,2021-05-13,2021-06-01,23.7099990844727,28.4699993133545,0.0399753633552589,0.200759190749994,0.188090167756129,19
292,2021-05-26,2021-06-14,25.2900009155273,28.2800006866455,0.033400095527935,0.118228535503231,0.181559261219445,19
293,2021-07-14,2021-08-02,27.8299999237061,25.7900009155273,0.0335756330095087,-0.0733021564416537,0.0865383795096927,19
294,2021-07-15,2021-08-03,27.2299995422363,26.4300003051758,0.0536504835455971,-0.0293793334744524,0.0688989425680886,19
295,2021-07-16,2021-08-04,25.9400005340576,25.6900005340576,0.0707720685984481,-0.00963762509070754,0.0900112311428203,19
296,2021-07-21,2021-08-09,27.1800003051758,25.6100006103516,0.0671526520127917,-0.0577630491978048,0.0322108694873925,19
297,2021-07-22,2021-08-10,27.0100002288818,26.2600002288818,0.076699378138799,-0.0277674932856173,0.0695270470467978,19
298,2021-07-23,2021-08-11,26.5799999237061,26.8400001525879,0.0694615090555466,0.00978179945929747,0.0429911422449718,19
299,2021-07-28,2021-08-16,26.8999996185303,24.7900009155273,0.0717815825155118,-0.0784386146068731,0.0777609618824479,19
300,2021-07-29,2021-08-17,26.7800006866455,24.0799999237061,0.0793421703915722,-0.100821534492562,0.0635466015834055,19
301,2021-07-30,2021-08-18,26.1000003814697,23.4500007629395,0.0763116568422962,-0.101532550950141,0.0966744071653864,19
302,2021-08-04,2021-08-23,25.6900005340576,23.4699993133545,0.0776993589240096,-0.0864149931705932,0.0956555298032905,19
303,2021-08-05,2021-08-24,26.1900005340576,24.3799991607666,0.0758626999753075,-0.0691103984872883,0.0521750223282112,19
304,2021-08-06,2021-08-25,26.3899993896484,24.6299991607666,0.0367925661965767,-0.0666919389764065,0.218790674764245,19
305,2021-08-11,2021-08-30,26.8400001525879,25.25,0.0460757372862015,-0.0592399457357896,0.204703952021596,19
306,2021-08-19,2021-09-07,22.0900001525879,25.6599998474121,0.0752698768860255,0.161611574022827,0.0639538581256627,19
307,2021-08-20,2021-09-08,21.9500007629395,24.9099998474121,0.0876570819784781,0.134851889821815,0.0135070589750982,19
308,2021-08-25,2021-09-13,24.6299991607666,26.6499996185303,0.0462101425610127,0.082013825683817,0.31213466253573,19
309,2021-08-26,2021-09-14,24,26.2800006866455,0.0554818954014184,0.0950000286102295,0.185809261664524,19
310,2021-08-27,2021-09-15,25.6599998474121,27.8799991607666,0.0222814292823642,0.0865159519312462,0.422319212402148,19
311,2021-09-01,2021-09-20,25.0799999237061,25.4799995422363,0.0510714746909985,0.0159489481557848,0.391420769443006,19
312,2021-09-08,2021-09-27,24.9099998474121,30.1900005340576,0.0238019148056273,0.211963095904798,0.22649661770175,19
313,2021-09-09,2021-09-28,25.0699996948242,29.8999996185303,0.0286986337480319,0.192660549760725,0.128110264449636,19
314,2021-09-10,2021-09-29,24.9799995422363,30.0300006866455,0.042252003021703,0.202161778901181,0.328719614107462,19
315,2021-11-10,2021-11-29,31.8199996948242,30.0599994659424,0.0183692764783338,-0.055311132802057,0.203860520904415,19
316,2021-11-17,2021-12-06,30.7600002288818,29.8400001525879,0.093905141802857,-0.0299089749495554,0.0982242843422861,19
317,2021-11-18,2021-12-07,30.6399993896484,31.1200008392334,0.108591663067571,0.0156658439669266,0.092995795245054,19
318,2021-11-19,2021-12-08,29.1200008392334,30.7700004577637,0.118271788618558,0.0566620731791747,0.119311203329301,19
319,2021-11-24,2021-12-13,32.0099983215332,29.2299995422363,0.0924448896824575,-0.0868478264626076,0.0255608444446952,19
320,2021-11-26,2021-12-15,29.7000007629395,28.5200004577637,0.114570376066702,-0.0397306489853099,0.118372677942547,19
321,2021-12-01,2021-12-20,28.9500007629395,26.9799995422363,0.114145653300395,-0.0680483996126534,0.190867278425189,19
322,2021-12-02,2021-12-21,29.6499996185303,28.6000003814697,0.104299254242273,-0.0354131281810989,0.180490860307221,19
323,2021-12-03,2021-12-22,29.1599998474121,28.920000076294,0.130603350956499,-0.00823044486879387,0.141770760240287,19
324,2021-12-08,2021-12-27,30.7700004577637,29.6399993896484,0.0966949696056015,-0.0367241160644871,0.132627026455296,19
325,2021-12-09,2021-12-28,30.2399997711182,29.4799995422363,0.0978829732103246,-0.0251322828913413,0.133092468872462,19
326,2021-12-10,2021-12-29,30.7700004577637,29.2600002288818,0.0626721322803478,-0.0490737798640768,0.104553650329388,19
327,2021-12-15,2022-01-03,28.5200004577637,31.0599994659424,0.0704971577469009,0.0890602723495846,0.324022694836913,19
328,2021-12-16,2022-01-04,28.3799991607666,33.3800010681152,0.0744407928908506,0.176180481155926,0.330799903175165,19
329,2021-12-17,2022-01-05,28.0400009155273,31.8099994659424,0.0813679190194566,0.134450728506481,0.288612287592733,19
330,2021-12-22,2022-01-10,28.920000076294,32.3800010681152,0.0831647787534747,0.11964042125496,0.134875342019663,19
331,2021-12-23,2022-01-11,28.8500003814697,34.7000007629395,0.0842881921700647,0.202772974146204,0.139642250674489,19
332,2021-12-31,2022-01-19,28.9899997711182,35.8300018310547,0.0253380832402464,0.235943501688158,0.105108898030636,19
333,2022-04-06,2022-04-25,56.0999984741211,54.9199981689453,0.0252527248682502,-0.0210338741046511,0.222134722460663,19
334,2022-04-22,2022-05-11,56.6199989318848,60.0999984741211,0.0261522127519029,0.0614623738587994,0.207242385623637,19
335,2022-04-27,2022-05-16,55.5900001525879,67.7200012207031,0.0333287406864973,0.218204731693107,0.0907526208313,19
336,2022-04-28,2022-05-17,57.0299987792969,67.9400024414063,0.0152065165855457,0.191302891384068,0.251405405704271,19
337,2022-04-29,2022-05-18,55.0900001525879,64.3000030517578,0.0370976427859768,0.16718102874678,0.205407213830035,19
338,2022-06-16,2022-07-05,56.810001373291,59.1100006103516,0.106964274094335,0.040485815551166,0.106334377976004,19
339,2022-06-17,2022-07-06,55.6800003051758,59.1100006103516,0.102381846994196,0.061602016637506,0.0371843360532998,19
340,2022-06-22,2022-07-11,55.7700004577637,59.5200004577637,0.104703084149526,0.0672404513039226,0.0318202718403353,19
341,2022-06-23,2022-07-12,56.0900001525879,57.3699989318848,0.102412497104379,0.0228204452810616,0.0620567294810024,19
342,2022-06-24,2022-07-13,57.5200004577637,58.0099983215332,0.0882975236352498,0.00851873887117449,0.030868572101074,19
343,2022-06-29,2022-07-18,59.0999984741211,60.0499992370606,0.0889548137638322,0.0160744634089194,0.0614845615503566,19
344,2022-06-30,2022-07-19,58.8800010681152,62.8199996948242,0.090712880380421,0.0669157363321207,0.0832795825908988,19
345,2022-07-01,2022-07-20,60.439998626709,63.5499992370606,0.0703145873075053,0.0514560006786173,0.0855426103714598,19
346,2022-07-06,2022-07-25,59.1100006103516,64.4100036621094,0.100446530876475,0.0896633902390733,0.0751210569029985,19
347,2022-07-07,2022-07-26,61.4700012207031,62.0699996948242,0.0722497255885562,0.00976083393860439,0.119756228987291,19
348,2022-07-08,2022-07-27,60.6699981689453,62.7799987792969,0.070060865785477,0.0347783199939438,0.0555605044923006,19
349,2022-07-13,2022-08-01,58.0099983215332,65.2300033569336,0.0547000455427919,0.124461390179361,0.150001373672697,19
350,2022-07-14,2022-08-02,57.2299995422363,65.0599975585938,0.0756459610175421,0.136816321491997,0.126433845479803,19
351,2022-07-15,2022-08-03,58.7099990844727,60.9900016784668,0.0355562034123407,0.0388349962450798,0.172802117865585,19
352,2022-08-04,2022-08-23,57.4599990844727,73.7900009155274,0.0544249976417796,0.284197739144544,0.152450608268113,19
353,2022-08-05,2022-08-24,59.0099983215332,74.9100036621094,0.0357607036599069,0.269445954801428,0.191439602912158,19
354,2022-09-21,2022-10-10,62.6800003051758,65.629997253418,0.104993287764478,0.0470644054543599,0.0916508869643513,19
355,2022-09-22,2022-10-11,61.8800010681152,64.0299987792969,0.113622203918293,0.0347446295098639,0.0888672649714891,19
356,2022-09-23,2022-10-12,58.7299995422363,65.1100006103516,0.132341482939791,0.108632745067995,0.104159237310245,19
357,2022-09-28,2022-10-17,61.4099998474121,67.3600006103516,0.129862279507723,0.0968897700329532,0.080932365375847,19
358,2022-09-29,2022-10-18,62.1100006103516,67.7799987792969,0.111601007828628,0.0912896170218411,0.0911994655791339,19
359,2022-09-30,2022-10-19,61.4500007629395,68.4599990844727,0.108135072049338,0.114076456216432,0.0570836462517152,19
360,2022-10-12,2022-10-31,65.1100006103516,72.5999984741211,0.0341198558715616,0.115036058878161,0.153337333371723,19
361,2022-11-23,2022-12-12,71.120002746582,64.0299987792969,0.0196768020755271,-0.0996907156000623,0.102952266168706,19
362,2022-11-25,2022-12-14,70.2799987792969,63.6800003051758,0.0295850854558879,-0.0939100539094677,0.0684390450657811,19
363,2022-11-30,2022-12-19,69.4899978637695,62.4099998474121,0.0938515304464415,-0.101885137919234,0.0764507440355864,19
364,2022-12-01,2022-12-20,68.8000030517578,62.3699989318848,0.0566525322795872,-0.0934593580618854,0.17865582892229,19
365,2022-12-02,2022-12-21,68.2099990844727,63.7299995422363,0.102512921490154,-0.0656795133025615,0.0943345688628996,19
366,2022-12-08,2022-12-27,63.7099990844727,64.3300018310547,0.14525496257341,0.00973163954625034,0.0638476537144516,19
367,2022-12-09,2022-12-28,62.5999984741211,62.0800018310547,0.141643587755269,-0.00830665584251367,0.0695812987712177,19
368,2022-12-15,2023-01-03,63.1599998474121,61.0499992370606,0.13674167999659,-0.0334072295036273,0.0553040519927679,19
369,2022-12-16,2023-01-04,62.5299987792969,61.1100006103516,0.123723993920004,-0.022709070792681,0.0596421262882604,19
370,2022-12-21,2023-01-09,63.7299995422363,64.0800018310547,0.0872042390464693,0.00549195498717059,0.00893500454110241,19
371,2022-12-22,2023-01-10,61.7999992370606,64.1500015258789,0.130603248813986,0.0380259274729748,0.0887568156905087,19
372,2022-12-23,2023-01-11,63.9500007629395,64.0899963378906,0.086718539746808,0.00218914109899915,0.0249083182831632,19
373,2022-12-29,2023-01-17,62.2799987792969,64.7200012207031,0.0850885490084185,0.0391779461983124,0.0425231127771866,19
374,2022-12-30,2023-01-18,62.9900016784668,64.4199981689453,0.0728020884795835,0.0227019598725835,0.0180453383783256,19
375,2023-01-04,2023-01-23,61.1100006103516,66.5,0.104732563790761,0.0882015927968329,0.0376146768570569,19
376,2023-01-05,2023-01-24,62.2200012207031,64.4300003051758,0.0423485428479959,0.0355191102718477,0.0471696748181235,19
377,2023-02-09,2023-02-28,63.2000007629395,58.560001373291,0.0244344315882689,-0.07341771097524,0.381729001570041,19
378,2023-02-15,2023-03-06,62.9000015258789,61.6800003051758,0.0343333826575966,-0.0193958853912138,0.241006190760411,19
379,2023-02-16,2023-03-07,62.5,60.8499984741211,0.0919392935912252,-0.0264000244140625,0.0294315710708646,19
380,2023-02-17,2023-03-08,60.7299995422363,62.1500015258789,0.108170433118926,0.0233822162744295,0.0281299358839468,19
381,2023-02-22,2023-03-13,58.4199981689453,59.1500015258789,0.136478607430091,0.0124957784973305,0.0386549876123165,19
382,2023-02-23,2023-03-14,59.2200012207031,60.189998626709,0.144567593971886,0.016379557345682,0.01402405024542,19
383,2023-02-24,2023-03-15,58.9799995422363,56.7999992370606,0.150988142571136,-0.0369616873871736,0.0700633905744732,19
384,2023-03-01,2023-03-20,59.7099990844727,58.9799995422363,0.126041200011365,-0.0122257503505164,0.0776108050457029,19
385,2023-03-02,2023-03-21,60.2700004577637,60.2400016784668,0.101972032133706,-0.00049773982195167,0.0984924770802985,19
386,2023-03-03,2023-03-22,61.25,58.6800003051758,0.0324218302445034,-0.0419591786910076,0.140442295652726,19
387,2023-03-08,2023-03-27,62.1500015258789,59.6500015258789,0.0532302211660711,-0.040225260476607,0.0219474308993593,19
388,2023-03-09,2023-03-28,60.560001373291,62.2099990844727,0.0739382682177349,0.0272456683250564,0.0308489112964952,19
389,2023-03-10,2023-03-29,59.8600006103516,62.0900001525879,0.0901781706300071,0.0372535836869119,0.0880119623914317,19
390,2023-03-15,2023-04-03,56.7999992370606,65.1800003051758,0.121013602800703,0.147535232054149,0.0591059901431985,19
391,2023-03-16,2023-04-04,59.0400009155274,64.8300018310547,0.128845118482427,0.0980691196772083,0.0990828440614954,19
392,2023-03-17,2023-04-05,58.4799995422363,64.5699996948242,0.115917364256943,0.104138170319059,0.0962829723652705,19
393,2023-03-23,2023-04-11,58.4799995422363,64.370002746582,0.0176595253162327,0.100718249836711,0.386447584720361,19
394,2023-03-24,2023-04-12,58.1800003051758,64.8399963378906,0.0179367973817133,0.114472258469933,0.363892233097897,19
395,2023-04-26,2023-05-15,60.2599983215332,58.5200004577637,0.0280954633695476,-0.0288748408933786,0.0569332428651745,19
396,2023-04-27,2023-05-16,60.5800018310547,58.1399993896484,0.0248706383411433,-0.0402773583304095,0.194706124404834,19
397,2023-04-28,2023-05-17,61.5299987792969,58.9199981689453,0.0181570198548578,-0.0424183432818425,0.346065126212185,19
398,2023-05-03,2023-05-22,58.9700012207031,59.0400009155274,0.052991324039362,0.00118703906011874,0.420723047618598,19
399,2023-05-04,2023-05-23,58.7000007629395,59.6800003051758,0.0615653370269466,0.0166950516098641,0.484595140877537,19
400,2023-05-05,2023-05-24,60.689998626709,59.3899993896484,0.0574626435558618,-0.0214203207526261,0.45564847662142,19
401,2023-05-17,2023-06-05,58.9199981689453,59.4000015258789,0.0762983296236322,0.0081466967388093,0.490020736033083,19
402,2023-05-24,2023-06-12,59.3899993896484,59.189998626709,0.0211889770043634,-0.00336758317889985,0.172290076168469,19
403,2023-05-25,2023-06-13,58.810001373291,58.7700004577637,0.0304003765724692,-0.000680171987642697,0.137107654007751,19
404,2023-05-26,2023-06-14,58.939998626709,58.4700012207031,0.0384261871228091,-0.00797416723713462,0.255423726187764,19
405,2023-06-01,2023-06-20,58.1199989318848,57.2299995422363,0.0257229604733728,-0.0153131349966386,0.128816021361972,19
406,2023-06-21,2023-07-10,57.4700012207031,58.7000007629395,0.027231051813001,0.0214024624344924,0.0456839237013245,19
407,2023-06-22,2023-07-11,56.5200004577637,60.5499992370606,0.0391690008689435,0.0713021717384523,0.271298957182935,19
408,2023-06-23,2023-07-12,56.0699996948242,61.3199996948242,0.0479961361933081,0.0936329593111203,0.369473245234127,19
409,2023-06-28,2023-07-17,57.4599990844727,59.2900009155274,0.0216340727512385,0.0318482746295277,0.170424485278175,19
410,2023-07-06,2023-07-25,57.6100006103516,63.4099998474121,0.0294709128680421,0.100676951494744,0.103613115816973,19
411,2023-07-07,2023-07-26,58.6100006103516,62.8499984741211,0.0252298083806381,0.0723425664496695,0.0279559513153913,19
412,2023-08-23,2023-09-11,61.8199996948242,63.8400001525879,0.0201371890716496,0.0326755171099231,0.231591294737783,19
413,2023-10-11,2023-10-30,63.3499984741211,61.6699981689453,0.0644078604715538,-0.0265193424726297,0.464598748373012,19
414,2023-10-13,2023-11-01,64.370002746582,61.3600006103516,0.0328674053057378,-0.0467609446605204,0.209378711688175,19
415,2023-10-25,2023-11-13,63.2700004577637,61.6100006103516,0.0479870802700362,-0.026236760477349,0.305985689343421,19
416,2023-10-26,2023-11-14,63.2700004577637,61.7299995422363,0.0523262197606289,-0.0243401438973496,0.393595735590936,19
417,2023-11-08,2023-11-27,61.1500015258789,59.8699989318848,0.0464136701544743,-0.0209321759943446,0.357652706653378,19
418,2023-11-09,2023-11-28,60.5800018310547,60.060001373291,0.0547632376688194,-0.00858369828402861,0.392783254443624,19
419,2023-11-10,2023-11-29,60.9799995422363,60.3300018310547,0.0587666978161157,-0.010659195081355,0.467615170756528,19
420,2023-11-15,2023-12-04,61.2999992370606,57.8600006103516,0.0453191413204492,-0.0561174334343098,0.34910316361018,19
421,2023-11-16,2023-12-05,60.310001373291,57.2799987792969,0.052825022312067,-0.0502404663405631,0.430661995124546,19
422,2023-11-17,2023-12-06,60.9599990844727,56.4799995422363,0.0447176223715763,-0.0734908072427686,0.360674068355848,19
423,2023-11-22,2023-12-11,60.2099990844727,57.060001373291,0.0384075046429507,-0.0523168536634969,0.258009057342961,19
424,2023-11-24,2023-12-13,60.1599998474121,57.2200012207031,0.038846823942723,-0.0488696581477045,0.271208654988476,19
425,2023-11-29,2023-12-18,60.3300018310547,58.9700012207031,0.0265758672261581,-0.0225426913488258,0.0237735153572864,19
426,2023-11-30,2023-12-19,59.1500015258789,60.2999992370606,0.0448241926083437,0.019442057168477,0.348067093129769,19
427,2023-12-01,2023-12-20,58.8300018310547,60.1699981689453,0.0498554355351457,0.0227774315176594,0.388019141433809,19
428,2023-12-07,2023-12-26,56.4000015258789,61.439998626709,0.064360454653551,0.0893616483062947,0.461411044875492,19
429,2023-12-08,2023-12-27,56.4700012207031,61.0400009155273,0.0630972081172961,0.0809279191789491,0.453277620938768,19
430,2023-12-13,2024-01-02,57.2200012207031,60.0499992370606,0.0583934257178006,0.0494581956655653,0.428238133766674,20
431,2023-12-14,2024-01-03,58.7599983215332,60.6100006103516,0.0503360079177547,0.031484042574256,0.393402817669263,20
432,2023-12-15,2024-01-04,58.560001373291,59.1199989318848,0.0356810210593868,0.00956279961511686,0.201753583863721,20
433,2023-12-19,2024-01-08,60.2999992370606,58.2700004577637,0.0186713348242385,-0.0336649884739838,0.321841183127624,20
434,2024-01-17,2024-02-05,56.2200012207031,56.9799995422363,0.0510497202226021,0.0135182907333935,0.356398560480772,19
435,2024-01-18,2024-02-06,56.4700012207031,57.5699996948242,0.0532022680589058,0.0194793421346309,0.379013831936033,19
436,2024-01-19,2024-02-07,56.4199981689453,57.6199989318848,0.052300621514353,0.0212690677398844,0.415881202583655,19
437,2024-01-24,2024-02-12,57.310001373291,58.0299987792969,0.0479327518193254,0.0125632069229265,0.37508016612823,19
438,2024-01-25,2024-02-13,58.0099983215332,57.6100006103516,0.0419787612009375,-0.00689532361239809,0.300670765234308,19
439,2024-01-26,2024-02-14,58.4000015258789,57.2999992370606,0.0438037178636214,-0.0188356551383122,0.327573937383217,19
440,2024-01-31,2024-02-20,57.5699996948242,59.560001373291,0.0341313084810447,0.0345666438946621,0.179697100739058,20
441,2024-02-01,2024-02-21,57.3199996948242,60.4700012207031,0.0431421389627783,0.0549546675270367,0.314552009993402,20
442,2024-02-02,2024-02-22,57.0400009155274,60.5299987792969,0.0454906636921891,0.0611850948063273,0.343656208740335,20
443,2024-02-06,2024-02-26,57.5699996948242,60.4700012207031,0.0188773213240249,0.0503734851702566,0.302380272678063,20
444,2024-05-01,2024-05-20,64.4499969482422,63.5699996948242,0.035384431764431,-0.0136539533760517,0.204868807313152,19
445,2024-05-02,2024-05-21,64.6600036621094,63.3499984741211,0.0396453831315657,-0.0202598996875087,0.272214033931586,19
446,2024-05-03,2024-05-22,64.3899993896484,62.6599998474121,0.0456294971426945,-0.0268675191587974,0.348969647294378,19
447,2024-05-08,2024-05-28,63.6800003051758,62.2099990844727,0.0508705637574813,-0.0230841899129772,0.402227646329402,20
448,2024-05-09,2024-05-29,64.2399978637695,61.1199989318848,0.045288507711949,-0.0485678554737998,0.345004779961149,20
449,2024-05-10,2024-05-30,63.5699996948242,61.2099990844727,0.0521899006486556,-0.0371244395419387,0.414294616453801,20
450,2024-05-14,2024-06-03,63.060001373291,60.5699996948242,0.0508173566779117,-0.0394862293726722,0.405887916399005,20
451,2024-05-15,2024-06-04,63.3800010681152,59.8899993896484,0.0439272616029402,-0.0550647147310088,0.333720021330989,20
452,2024-05-16,2024-06-05,62.8600006103516,59.8400001525879,0.0483277835171045,-0.0480432775762072,0.377792269156411,20
453,2024-05-17,2024-06-06,63.4099998474121,60.0800018310547,0.0448452001532536,-0.0525153449672076,0.346581806908535,20
454,2024-05-21,2024-06-10,63.3499984741211,60.4799995422363,0.046733836106521,-0.0453038516339851,0.365139446609774,20
455,2024-05-22,2024-06-11,62.6599998474121,60.6100006103516,0.0498657677293441,-0.0327162343130011,0.396709480885705,20
456,2024-05-23,2024-06-12,61.9599990844727,60.2999992370606,0.0523706251105289,-0.0267914763063337,0.427714193155944,20
457,2024-05-24,2024-06-13,61.9500007629395,59.7999992370606,0.0527130291581771,-0.0347054317901657,0.419516153452056,20
458,2024-05-29,2024-06-17,61.1199989318848,60.2000007629395,0.0552325286190332,-0.015052326325637,0.440776538260221,19
459,2024-05-30,2024-06-18,61.2099990844727,61.2599983215332,0.0518055349310856,0.000816847538121168,0.410883129095816,19
460,2024-05-31,2024-06-20,62.5,62.439998626709,0.0433330032945296,-0.000960021972656211,0.324035476885508,20
461,2024-06-04,2024-06-24,59.8899993896484,63.25,0.0511820925991357,0.0561028659975629,0.410093057763939,20
462,2024-06-05,2024-06-25,59.8400001525879,63.0999984741211,0.0511902624091129,0.0544785814375073,0.405343557789004,20
463,2024-06-06,2024-06-26,60.0800018310547,62.8699989318848,0.0512482378602645,0.0464380328861436,0.405638803378039,20
464,2024-06-07,2024-06-27,59.4799995422363,62.689998626709,0.0499856032650293,0.0539677052652507,0.394784198009695,20
465,2024-06-11,2024-07-01,60.6100006103516,62.8800010681152,0.0415512917161605,0.0374525727586938,0.299222110858812,20
466,2024-06-12,2024-07-02,60.2999992370606,62.3600006103516,0.0441322300553939,0.034162543936235,0.33180054532483,20
467,2024-06-13,2024-07-03,59.7999992370606,62.3199996948242,0.0512627584187516,0.0421404764199715,0.410604804722096,20
468,2024-06-14,2024-07-05,59.8400001525879,61.7900009155274,0.0425583758402197,0.0325869110622843,0.307836796749181,21
469,2024-06-17,2024-07-08,60.2000007629395,60.9500007629395,0.0416941298763574,0.0124584716029059,0.303587388630882,21
470,2024-06-18,2024-07-09,61.2599983215332,61.0200004577637,0.0394478326758366,-0.0039176929537259,0.267829279356785,21
471,2024-06-20,2024-07-10,62.439998626709,61.4099998474121,0.0179695545050246,-0.0164958168153496,0.358803601581917,20
472,2024-06-21,2024-07-11,60.9199981689453,61.4799995422363,0.0265264366968816,0.00919240627253481,0.0863319158144468,20
473,2024-07-24,2024-08-12,60.0699996948242,58.9799995422363,0.0481643198379207,-0.0181454995526129,0.376926222727216,19
474,2024-07-25,2024-08-13,60.5299987792969,57.4599990844727,0.050101872925791,-0.0507186478892554,0.390310040702909,19
475,2024-07-26,2024-08-14,60.5400009155274,56.939998626709,0.0475594948180843,-0.0594648535575927,0.373053038228636,19
476,2024-07-31,2024-08-19,60.8199996948242,57.3899993896484,0.0274133514269536,-0.0563959276946144,0.0612328895211609,19
477,2024-08-01,2024-08-20,59.3800010681152,56.1699981689453,0.0474981507509422,-0.0540586534427257,0.37303483978437,19
478,2024-08-02,2024-08-21,57.6699981689453,56.0200004577637,0.0621082145421037,-0.0286110241645569,0.491887009212872,19
479,2024-08-07,2024-08-26,56.1100006103516,57.3699989318848,0.0625770169941911,0.0224558600575162,0.488020129104976,19
480,2024-08-09,2024-08-28,58.4099998474121,56.7799987792969,0.057669985934926,-0.0279061988079675,0.453470903744772,19
481,2024-08-14,2024-09-03,56.939998626709,55.4000015258789,0.0533498222081193,-0.0270459630834573,0.419906268171338,20
482,2024-08-16,2024-09-05,57.6100006103516,53.7400016784668,0.065264343214127,-0.0671758182760615,0.427059450944577,20
483,2024-08-27,2024-09-16,56.8400001525879,51.2900009155274,0.0590308028904924,-0.0976424915932703,0.467568032951916,20
484,2024-08-28,2024-09-17,56.7799987792969,52.060001373291,0.05441833639625,-0.0831278180253654,0.44014237975638,20
485,2024-08-29,2024-09-18,57.2099990844727,51.75,0.0465750525117537,-0.0954378460382558,0.375952414493637,20
486,2024-08-30,2024-09-19,56.9799995422363,52.0299987792969,0.0212876799119257,-0.0868726009601013,0.167969055810873,20
487,2024-09-04,2024-09-23,54.6300010681152,52.2400016784668,0.0262918653989181,-0.0437488439121294,0.0863017988956131,19
488,2024-09-05,2024-09-24,53.7400016784668,52.4000015258789,0.0405837465176455,-0.0249348736645987,0.288141360285547,19
489,2024-09-06,2024-09-25,52.0299987792969,51.1199989318848,0.0596181199698148,-0.0174899071451489,0.442817111354049,19
490,2024-09-11,2024-09-30,50.6599998474121,51.5400009155274,0.0654478198040026,0.0173707278082471,0.477418549260495,19
491,2024-09-12,2024-10-01,50.9900016784668,53.25,0.0663224424668648,0.0443223817834784,0.477194661881544,19
492,2024-09-13,2024-10-02,51.0499992370606,53.439998626709,0.0654872145005562,0.0468168349729059,0.470882331497804,19
493,2024-09-18,2024-10-07,51.75,55.9099998474121,0.061412014737576,0.0803864704813935,0.452139534023204,19
494,2024-09-19,2024-10-08,52.0299987792969,54.3199996948242,0.0544948241858182,0.0440130880118059,0.391187413445984,19
495,2024-09-20,2024-10-09,51.6399993896484,53.9000015258789,0.0916317757735993,0.0437645655101131,0.270325288352979,19
496,2024-09-25,2024-10-15,51.1199989318848,51.560001373291,0.11112709114298,0.00860724668622415,0.292080382984727,20
497,2024-09-26,2024-10-16,49.9099998474121,51.2599983215332,0.117464014261336,0.0270486571478339,0.224535918730488,20
498,2024-09-27,2024-10-17,51.0299987792969,51.7200012207031,0.113267274938758,0.0135215061319223,0.211498612650462,20
499,2024-10-01,2024-10-21,53.25,51.8199996948242,0.0669247975577509,-0.0268544658248973,0.0939388952200303,20
500,2024-10-02,2024-10-22,53.439998626709,52.0999984741211,0.0253913315544802,-0.0250748537990824,0.176488835829516,20
501,2024-10-29,2024-11-18,50.0800018310547,50.9099998474121,0.0511752311227889,0.0165734422126707,0.100160950558993,20
502,2024-10-30,2024-11-19,50.1699981689453,50.5,0.0597264013119216,0.00657767277454191,0.126881262702279,20
503,2024-10-31,2024-11-20,50.1100006103516,50.9099998474121,0.0641001552601641,0.0159648618502568,0.101449383583287,20
504,2024-11-01,2024-11-21,49.5699996948242,51.5400009155274,0.0861852209382142,0.0397418041725108,0.0882886357668919,20
505,2024-11-05,2024-11-25,50.4000015258789,50.439998626709,0.076239543181951,0.000793593246411817,0.0421173148642284,20
506,2024-11-06,2024-11-26,51.3899993896484,49.8499984741211,0.0594613867191586,-0.0299669378053651,0.0779648415528694,20
507,2024-11-07,2024-11-27,51.2099990844727,50.3199996948242,0.0598835111747679,-0.017379406474512,0.020193200573349,20
508,2024-11-08,2024-11-29,50.5299987792969,50.5800018310547,0.0659490125073622,0.000989571600352068,0.0537971423528153,21
509,2024-11-11,2024-12-02,50.810001373291,50.4199981689453,0.0563103231904105,-0.00767571725653826,0.0431312627053128,21
510,2024-11-12,2024-12-02,50.2900009155274,50.4199981689453,0.0324509232703024,0.00258495229770084,0.18400211021931,20
511,2024-11-14,2024-12-04,50.6699981689453,48.9000015258789,0.0192121177559694,-0.0349318473856035,0.085321761389404,20
512,2024-11-15,2024-12-05,49.9700012207031,48.4799995422363,0.0308330581079179,-0.0298179235955166,0.0850738434281381,20
513,2024-11-19,2024-12-09,50.5,48.7200012207031,0.030502251869851,-0.0352475005801362,0.0562571764992508,20
514,2024-12-04,2024-12-23,48.9000015258789,47.8400001525879,0.0286828728794976,-0.0216769190227947,0.0957349699054337,19
515,2024-12-05,2024-12-24,48.4799995422363,48.1199989318848,0.0472995510531636,-0.00742575523413369,0.0122224975476969,19
516,2024-12-06,2024-12-26,47.5400009155274,48.2000007629395,0.0554712926834903,0.0138830423790872,0.0945651837134061,20
517,2024-12-10,2024-12-30,48.0499992370606,48.4599990844727,0.061449342756492,0.00853277531575647,0.0658290671013228,20
518,2024-12-11,2024-12-31,48.4700012207031,49.4099998474121,0.0379021071888304,0.0193934104195459,0.095680279474059,20
519,2024-12-13,2025-01-02,47.6399993896484,49.810001373291,0.0601175585127444,0.0455500002402203,0.115612845498406,20
520,2024-12-17,2025-01-06,46.560001373291,50.7700004577637,0.0751386652080773,0.0904209398689517,0.0211501590974922,20
521,2024-12-18,2025-01-07,46.0200004577637,51.5499992370606,0.0891438713987376,0.120165117868093,0.0328756895440308,20
522,2024-12-19,2025-01-08,45.3600006103516,51.189998626709,0.084130166281903,0.128527291400145,0.0129965477707648,20
523,2024-12-24,2025-01-13,48.1199989318848,52.6800003051758,0.0662956718022981,0.0947631229116572,0.099852928409092,20
524,2024-12-26,2025-01-14,48.2000007629395,52.0800018310547,0.0417024000035301,0.0804979461970992,0.087788049121403,19
525,2024-12-27,2025-01-15,48.560001373291,52.7000007629395,0.0292189318117372,0.0852553392209234,0.0479103050093992,19
526,2025-01-31,2025-02-19,46.6500015258789,50.9900016784668,0.0467226548684211,0.0930332263800739,0.0879738928029111,19
527,2025-02-05,2025-02-24,47.3600006103516,49.8600006103516,0.0847529668178463,0.052787161481868,0.0898118714484407,19
528,2025-02-06,2025-02-25,46.9799995422363,48.8899993896484,0.0743362749301528,0.0406555952750696,0.0657752562701333,19
529,2025-02-07,2025-02-26,46.7799987792969,48.5499992370606,0.0727987300877152,0.03783669311567,0.0721025027367422,19
530,2025-02-12,2025-03-03,47.8300018310547,46.4500007629395,0.0710420687829261,-0.0288522060481971,0.0515554278594914,19
531,2025-02-13,2025-03-04,47.8800010681152,46.5299987792969,0.0576684621104396,-0.0281955358960375,0.0141658477496748,19
532,2025-02-14,2025-03-05,48.060001373291,45.5099983215332,0.055781951372934,-0.0530587386369689,0.0154189929765549,19
533,2025-03-05,2025-03-24,45.5099983215332,47.9199981689453,0.0589642256784385,0.0529553930190283,0.148146929194951,19
534,2025-03-06,2025-03-25,45.7099990844727,49.0099983215332,0.0332501857355048,0.0721942529677611,0.153507611096989,19
535,2025-03-19,2025-04-07,47.9599990844727,38.75,0.0600475226442548,-0.19203501376743,0.219909794437871,19
536,2025-03-21,2025-04-09,47.939998626709,40.2299995422363,0.0707306388565128,-0.160826018050346,0.0650308070791908,19
537,2025-04-03,2025-04-22,43.9000015258789,39.9700012207031,0.0616299288770358,-0.0895216439311297,0.176279764861455,19
538,2025-04-04,2025-04-23,40.5400009155273,39.8300018310547,0.0990423622669685,-0.0175135438687353,0.152361449800286,19
539,2025-07-16,2025-08-04,42.6300010681152,42.8600006103516,0.0836429207267915,0.00539525067965241,0.127902875766005,19
540,2025-07-17,2025-08-05,43.5499992370606,43.0800018310547,0.0977984221423489,-0.010792133507224,0.00789531140028196,19
541,2025-07-18,2025-08-06,43.6199989318848,42.5400009155273,0.0756864172243854,-0.0247592398625205,0.417309907914512,19
542,2025-08-06,2025-08-25,42.5400009155273,46.4000015258789,0.0715423765632615,0.0907381412148169,0.0512148152708761,19
543,2025-08-07,2025-08-26,43.5900001525879,46.0400009155273,0.0640847822847906,0.0562055690379253,0.0505246695961701,19
544,2025-08-08,2025-08-27,44.3199996948242,46.8699989318848,0.0490447146992104,0.0575360842648729,0.0638780758282997,19
545,2025-10-02,2025-10-21,44.2299995422363,40.9099998474121,0.0446288733030411,-0.0750621688714662,0.103411885977341,19
546,2025-10-03,2025-10-22,44.8499984741211,41.7299995422363,0.0247296457934745,-0.069565195942761,0.198702902590777,19
547,2025-10-08,2025-10-27,45.0400009155274,42.2999992370606,0.0255915863358296,-0.0608348495286596,0.122476254465567,19
548,2025-10-09,2025-10-28,44.5200004577637,40.8300018310547,0.0312219575464007,-0.0828840653362011,0.0546007595749331,19
549,2025-10-10,2025-10-29,42.1500015258789,40.5800018310547,0.0732500818298562,-0.0372479154920145,0.151846624639608,19
550,2025-10-15,2025-11-03,41.8800010681152,40.9199981689453,0.109627251449918,-0.0229227047441698,0.12988648917567,19
551,2025-10-16,2025-11-04,41.0400009155273,40.0800018310547,0.132579292844486,-0.0233917900354979,0.0533832943874195,19
552,2025-10-17,2025-11-05,40.9000015258789,39.75,0.111794559702824,-0.0281173956717644,0.141247897815754,19
553,2025-10-22,2025-11-10,41.7299995422363,41.7999992370606,0.103046040198575,0.00167744298087924,0.129938775166865,19
554,2025-10-23,2025-11-11,42.8800010681152,41.8499984741211,0.10224377966441,-0.0240205822839876,0.056561739306213,19
555,2025-10-24,2025-11-12,42.5699996948242,41.9300003051758,0.0883831533557707,-0.0150340473158671,0.157454215517761,19
556,2025-10-29,2025-11-17,40.5800018310547,41.689998626709,0.091570047928168,0.0273532958494065,0.101493100709962,19
557,2025-10-30,2025-11-18,40.7000007629395,42.5200004577637,0.0891484381514568,0.0447174363810201,0.0345851075714669,19
558,2025-10-31,2025-11-19,41.2000007629395,41.4500007629395,0.0915320823541381,0.00606796105268237,0.0112591354694728,19
559,2025-11-05,2025-11-24,39.75,41.4300003051758,0.0890654295459206,0.0422641586207744,0.140931014888139,19
560,2025-11-06,2025-11-25,40.2999992370606,41.4099998474121,0.0800699461949235,0.0275434399842565,0.083435746065705,19
561,2025-11-07,2025-11-26,41.310001373291,41.4199981689453,0.0275546776051448,0.00266271585566713,0.22803866609269,19
562,2025-11-20,2025-12-09,41.2099990844727,41.5499992370606,0.0470396379398638,0.00825042854019364,0.0573242805789286,19
563,2025-11-21,2025-12-10,41.439998626709,41.75,0.032833757450768,0.00748072836786284,0.149829638105737,19
564,2025-12-11,2025-12-30,41.2000007629395,41.4599990844727,0.01738818902315,0.00631063875530513,0.0661627572434335,19
565,2025-12-12,2025-12-31,41.0699996948242,41.1199989318848,0.0224995350636145,0.00121741508234896,0.0822372956229996,19
566,2025-12-17,2026-01-05,40.6300010681152,41.2299995422363,0.0696650750236922,0.0147673752977562,0.0157735927815628,19
567,2025-12-18,2026-01-06,39.7299995422363,41.7400016784668,0.102926048286646,0.0505915469264899,0.0555315482275775,19
568,2025-12-19,2026-01-07,39.6199989318848,40.9900016784668,0.102192039282255,0.0345785659645614,0.0436845603284462,19
569,2025-12-24,2026-01-12,40,42.7200012207031,0.0358590879179517,0.0680000305175781,0.113338468036138,19
570,2025-12-26,2026-01-14,39.8499984741211,44.3199996948242,0.0511979433096484,0.112170674827152,0.163448785372642,19
